{"assets/fonts/Klee_One/KleeOne-Regular.ttf":["assets/fonts/Klee_One/KleeOne-Regular.ttf"],"assets/fonts/Klee_One/KleeOne-SemiBold.ttf":["assets/fonts/Klee_One/KleeOne-SemiBold.ttf"],"assets/fonts/Noto_Sans_JP/NotoSansJP-Black.otf":["assets/fonts/Noto_Sans_JP/NotoSansJP-Black.otf"],"assets/fonts/Noto_Sans_JP/NotoSansJP-Bold.otf":["assets/fonts/Noto_Sans_JP/NotoSansJP-Bold.otf"],"assets/fonts/Noto_Sans_JP/NotoSansJP-Light.otf":["assets/fonts/Noto_Sans_JP/NotoSansJP-Light.otf"],"assets/fonts/Noto_Sans_JP/NotoSansJP-Medium.otf":["assets/fonts/Noto_Sans_JP/NotoSansJP-Medium.otf"],"assets/fonts/Noto_Sans_JP/NotoSansJP-Regular.otf":["assets/fonts/Noto_Sans_JP/NotoSansJP-Regular.otf"],"assets/fonts/Noto_Sans_JP/NotoSansJP-Thin.otf":["assets/fonts/Noto_Sans_JP/NotoSansJP-Thin.otf"],"assets/icon/icon.png":["assets/icon/icon.png"],"assets/svg_icons/transfer-in.svg":["assets/svg_icons/transfer-in.svg"],"assets/svg_icons/transfer-out.svg":["assets/svg_icons/transfer-out.svg"],"packages/cupertino_icons/assets/CupertinoIcons.ttf":["packages/cupertino_icons/assets/CupertinoIcons.ttf"]}