[{"family":"MaterialIcons","fonts":[{"asset":"fonts/MaterialIcons-Regular.otf"}]},{"family":"Klee_One","fonts":[{"weight":400,"asset":"assets/fonts/Klee_One/KleeOne-Regular.ttf"},{"weight":600,"asset":"assets/fonts/Klee_One/KleeOne-SemiBold.ttf"}]},{"family":"Noto_Sans_JP","fonts":[{"weight":100,"asset":"assets/fonts/Noto_Sans_JP/NotoSansJP-Thin.otf"},{"weight":300,"asset":"assets/fonts/Noto_Sans_JP/NotoSansJP-Light.otf"},{"weight":400,"asset":"assets/fonts/Noto_Sans_JP/NotoSansJP-Regular.otf"},{"weight":500,"asset":"assets/fonts/Noto_Sans_JP/NotoSansJP-Medium.otf"},{"weight":700,"asset":"assets/fonts/Noto_Sans_JP/NotoSansJP-Bold.otf"},{"weight":900,"asset":"assets/fonts/Noto_Sans_JP/NotoSansJP-Black.otf"}]},{"family":"packages/cupertino_icons/CupertinoIcons","fonts":[{"asset":"packages/cupertino_icons/assets/CupertinoIcons.ttf"}]}]